<?xml version="1.0" encoding="UTF-8"?>
<suppressions xmlns="https://jeremylong.github.io/DependencyCheck/dependency-suppression.1.3.xsd">
   <suppress>
      <notes><![CDATA[
      file name: hibernate-validator-6.0.18.Final.jar
      ]]></notes>
      <packageUrl regex="true">^pkg:maven/org\.hibernate\.validator/hibernate\-validator@.*$</packageUrl>
      <cve>CVE-2020-10693</cve>
    </suppress>
	<suppress>
	   <notes><![CDATA[
	   file name: jackson-databind-2.10.2.jar
	   ]]></notes>
	   <packageUrl regex="true">^pkg:maven/com\.fasterxml\.jackson\.core/jackson\-databind@.*$</packageUrl>
	   <cve>CVE-2020-25649</cve>
	</suppress>
	<suppress>
	   <notes><![CDATA[
	   file name: jackson-databind-2.10.2.jar
	   ]]></notes>
	   <packageUrl regex="true">^pkg:maven/com\.fasterxml\.jackson\.core/jackson\-databind@.*$</packageUrl>
	   <cve>CVE-2020-36518</cve>
	</suppress>
	<suppress>
	   <notes><![CDATA[
	   file name: jackson-databind-2.10.2.jar
	   ]]></notes>
	   <packageUrl regex="true">^pkg:maven/com\.fasterxml\.jackson\.core/jackson\-databind@.*$</packageUrl>
	   <cve>CVE-2021-46877</cve>
	</suppress>
	<suppress>
	   <notes><![CDATA[
	   file name: jackson-databind-2.10.2.jar
	   ]]></notes>
	   <packageUrl regex="true">^pkg:maven/com\.fasterxml\.jackson\.core/jackson\-databind@.*$</packageUrl>
	   <cve>CVE-2022-42003</cve>
	</suppress>
	<suppress>
	   <notes><![CDATA[
	   file name: jackson-databind-2.10.2.jar
	   ]]></notes>
	   <packageUrl regex="true">^pkg:maven/com\.fasterxml\.jackson\.core/jackson\-databind@.*$</packageUrl>
	   <cve>CVE-2022-42004</cve>
	</suppress>
	<suppress>
	   <notes><![CDATA[
	   file name: jackson-databind-2.10.2.jar
	   ]]></notes>
	   <packageUrl regex="true">^pkg:maven/com\.fasterxml\.jackson\.core/jackson\-databind@.*$</packageUrl>
	   <cve>CVE-2023-35116</cve>
	</suppress>
	<suppress>
	   <notes><![CDATA[
	   file name: json-path-2.4.0.jar
	   ]]></notes>
	   <packageUrl regex="true">^pkg:maven/com\.jayway\.jsonpath/json\-path@.*$</packageUrl>
	   <vulnerabilityName>CVE-2023-51074</vulnerabilityName>
	</suppress>
	<suppress>
	   <notes><![CDATA[
	   file name: json-smart-2.3.jar
	   ]]></notes>
	   <packageUrl regex="true">^pkg:maven/net\.minidev/json\-smart@.*$</packageUrl>
	   <vulnerabilityName>CVE-2021-31684</vulnerabilityName>
	</suppress>
	<suppress>
	   <notes><![CDATA[
	   file name: json-smart-2.3.jar
	   ]]></notes>
	   <packageUrl regex="true">^pkg:maven/net\.minidev/json\-smart@.*$</packageUrl>
	   <cve>CVE-2023-1370</cve>
	</suppress>
	<suppress>
	   <notes><![CDATA[
	   file name: json-smart-2.3.jar
	   ]]></notes>
	   <packageUrl regex="true">^pkg:maven/net\.minidev/json\-smart@.*$</packageUrl>
	   <cve>CVE-2021-27568</cve>
	</suppress>
	<suppress>
	   <notes><![CDATA[
	   file name: log4j-api-2.12.1.jar
	   ]]></notes>
	   <packageUrl regex="true">^pkg:maven/org\.apache\.logging\.log4j/log4j\-api@.*$</packageUrl>
	   <cve>CVE-2020-9488</cve>
	</suppress>
	<suppress>
	   <notes><![CDATA[
	   file name: logback-core-1.2.3.jar
	   ]]></notes>
	   <packageUrl regex="true">^pkg:maven/ch\.qos\.logback/logback\-core@.*$</packageUrl>
	   <cve>CVE-2023-6378</cve>
	</suppress>
	<suppress>
	   <notes><![CDATA[
	   file name: logback-core-1.2.3.jar
	   ]]></notes>
	   <packageUrl regex="true">^pkg:maven/ch\.qos\.logback/logback\-core@.*$</packageUrl>
	   <cve>CVE-2021-42550</cve>
	</suppress>
	<suppress>
	   <notes><![CDATA[
	   file name: snakeyaml-1.25.jar
	   ]]></notes>
	   <packageUrl regex="true">^pkg:maven/org\.yaml/snakeyaml@.*$</packageUrl>
	   <cve>CVE-2022-1471</cve>
	</suppress>
	<suppress>
	   <notes><![CDATA[
	   file name: snakeyaml-1.25.jar
	   ]]></notes>
	   <packageUrl regex="true">^pkg:maven/org\.yaml/snakeyaml@.*$</packageUrl>
	   <cve>CVE-2017-18640</cve>
	</suppress>
	<suppress>
	   <notes><![CDATA[
	   file name: snakeyaml-1.25.jar
	   ]]></notes>
	   <packageUrl regex="true">^pkg:maven/org\.yaml/snakeyaml@.*$</packageUrl>
	   <cve>CVE-2022-25857</cve>
	</suppress>
	<suppress>
	   <notes><![CDATA[
	   file name: snakeyaml-1.25.jar
	   ]]></notes>
	   <packageUrl regex="true">^pkg:maven/org\.yaml/snakeyaml@.*$</packageUrl>
	   <cve>CVE-2022-38749</cve>
	</suppress>
	<suppress>
	   <notes><![CDATA[
	   file name: snakeyaml-1.25.jar
	   ]]></notes>
	   <packageUrl regex="true">^pkg:maven/org\.yaml/snakeyaml@.*$</packageUrl>
	   <cve>CVE-2022-38751</cve>
	</suppress>
	<suppress>
	   <notes><![CDATA[
	   file name: snakeyaml-1.25.jar
	   ]]></notes>
	   <packageUrl regex="true">^pkg:maven/org\.yaml/snakeyaml@.*$</packageUrl>
	   <cve>CVE-2022-38752</cve>
	</suppress>
	<suppress>
	   <notes><![CDATA[
	   file name: snakeyaml-1.25.jar
	   ]]></notes>
	   <packageUrl regex="true">^pkg:maven/org\.yaml/snakeyaml@.*$</packageUrl>
	   <cve>CVE-2022-41854</cve>
	</suppress>
	<suppress>
	   <notes><![CDATA[
	   file name: snakeyaml-1.25.jar
	   ]]></notes>
	   <packageUrl regex="true">^pkg:maven/org\.yaml/snakeyaml@.*$</packageUrl>
	   <cve>CVE-2022-38750</cve>
	</suppress>
	<suppress>
	   <notes><![CDATA[
	   file name: spring-boot-2.2.4.RELEASE.jar
	   ]]></notes>
	   <packageUrl regex="true">^pkg:maven/org\.springframework\.boot/spring\-boot@.*$</packageUrl>
	   <cve>CVE-2023-20873</cve>
	</suppress>
	<suppress>
	   <notes><![CDATA[
	   file name: spring-boot-2.2.4.RELEASE.jar
	   ]]></notes>
	   <packageUrl regex="true">^pkg:maven/org\.springframework\.boot/spring\-boot@.*$</packageUrl>
	   <cve>CVE-2022-27772</cve>
	</suppress>
	<suppress>
	   <notes><![CDATA[
	   file name: spring-boot-2.2.4.RELEASE.jar
	   ]]></notes>
	   <packageUrl regex="true">^pkg:maven/org\.springframework\.boot/spring\-boot@.*$</packageUrl>
	   <cve>CVE-2023-20883</cve>
	</suppress>
	<suppress>
	   <notes><![CDATA[
	   file name: spring-boot-starter-web-2.2.4.RELEASE.jar
	   ]]></notes>
	   <packageUrl regex="true">^pkg:maven/org\.springframework\.boot/spring\-boot\-starter\-web@.*$</packageUrl>
	   <cve>CVE-2023-20873</cve>
	</suppress>
	<suppress>
	   <notes><![CDATA[
	   file name: spring-boot-starter-web-2.2.4.RELEASE.jar
	   ]]></notes>
	   <packageUrl regex="true">^pkg:maven/org\.springframework\.boot/spring\-boot\-starter\-web@.*$</packageUrl>
	   <cve>CVE-2022-27772</cve>
	</suppress>
	<suppress>
	   <notes><![CDATA[
	   file name: spring-boot-starter-web-2.2.4.RELEASE.jar
	   ]]></notes>
	   <packageUrl regex="true">^pkg:maven/org\.springframework\.boot/spring\-boot\-starter\-web@.*$</packageUrl>
	   <cve>CVE-2023-20883</cve>
	</suppress>
	<suppress>
	   <notes><![CDATA[
	   file name: spring-core-5.2.3.RELEASE.jar
	   ]]></notes>
	   <packageUrl regex="true">^pkg:maven/org\.springframework/spring\-core@.*$</packageUrl>
	   <cve>CVE-2022-22965</cve>
	</suppress>
	<suppress>
	   <notes><![CDATA[
	   file name: spring-core-5.2.3.RELEASE.jar
	   ]]></notes>
	   <packageUrl regex="true">^pkg:maven/org\.springframework/spring\-core@.*$</packageUrl>
	   <cve>CVE-2021-22118</cve>
	</suppress>
	<suppress>
	   <notes><![CDATA[
	   file name: spring-core-5.2.3.RELEASE.jar
	   ]]></notes>
	   <packageUrl regex="true">^pkg:maven/org\.springframework/spring\-core@.*$</packageUrl>
	   <cve>CVE-2020-5421</cve>
	</suppress>
	<suppress>
	   <notes><![CDATA[
	   file name: spring-core-5.2.3.RELEASE.jar
	   ]]></notes>
	   <packageUrl regex="true">^pkg:maven/org\.springframework/spring\-core@.*$</packageUrl>
	   <cve>CVE-2022-22950</cve>
	</suppress>
	<suppress>
	   <notes><![CDATA[
	   file name: spring-core-5.2.3.RELEASE.jar
	   ]]></notes>
	   <packageUrl regex="true">^pkg:maven/org\.springframework/spring\-core@.*$</packageUrl>
	   <cve>CVE-2022-22971</cve>
	</suppress>
	<suppress>
	   <notes><![CDATA[
	   file name: spring-core-5.2.3.RELEASE.jar
	   ]]></notes>
	   <packageUrl regex="true">^pkg:maven/org\.springframework/spring\-core@.*$</packageUrl>
	   <cve>CVE-2023-20861</cve>
	</suppress>
	<suppress>
	   <notes><![CDATA[
	   file name: spring-core-5.2.3.RELEASE.jar
	   ]]></notes>
	   <packageUrl regex="true">^pkg:maven/org\.springframework/spring\-core@.*$</packageUrl>
	   <cve>CVE-2023-20863</cve>
	</suppress>
	<suppress>
	   <notes><![CDATA[
	   file name: spring-core-5.2.3.RELEASE.jar
	   ]]></notes>
	   <packageUrl regex="true">^pkg:maven/org\.springframework/spring\-core@.*$</packageUrl>
	   <cve>CVE-2022-22968</cve>
	</suppress>
	<suppress>
	   <notes><![CDATA[
	   file name: spring-core-5.2.3.RELEASE.jar
	   ]]></notes>
	   <packageUrl regex="true">^pkg:maven/org\.springframework/spring\-core@.*$</packageUrl>
	   <cve>CVE-2022-22970</cve>
	</suppress>
	<suppress>
	   <notes><![CDATA[
	   file name: spring-core-5.2.3.RELEASE.jar
	   ]]></notes>
	   <packageUrl regex="true">^pkg:maven/org\.springframework/spring\-core@.*$</packageUrl>
	   <cve>CVE-2021-22060</cve>
	</suppress>
	<suppress>
	   <notes><![CDATA[
	   file name: spring-core-5.2.3.RELEASE.jar
	   ]]></notes>
	   <packageUrl regex="true">^pkg:maven/org\.springframework/spring\-core@.*$</packageUrl>
	   <cve>CVE-2021-22096</cve>
	</suppress>
	<suppress>
	   <notes><![CDATA[
	   file name: spring-data-rest-webmvc-3.2.4.RELEASE.jar
	   ]]></notes>
	   <packageUrl regex="true">^pkg:maven/org\.springframework\.data/spring\-data\-rest\-webmvc@.*$</packageUrl>
	   <vulnerabilityName>CVE-2021-22047</vulnerabilityName>
	</suppress>
	<suppress>
	   <notes><![CDATA[
	   file name: spring-data-rest-webmvc-3.2.4.RELEASE.jar
	   ]]></notes>
	   <packageUrl regex="true">^pkg:maven/org\.springframework\.data/spring\-data\-rest\-webmvc@.*$</packageUrl>
	   <vulnerabilityName>CVE-2022-31679</vulnerabilityName>
	</suppress>
	<suppress>
	   <notes><![CDATA[
	   file name: spring-hateoas-1.0.3.RELEASE.jar
	   ]]></notes>
	   <packageUrl regex="true">^pkg:maven/org\.springframework\.hateoas/spring\-hateoas@.*$</packageUrl>
	   <cve>CVE-2023-34036</cve>
	</suppress>
	<suppress>
	   <notes><![CDATA[
	   file name: spring-web-5.2.3.RELEASE.jar
	   ]]></notes>
	   <packageUrl regex="true">^pkg:maven/org\.springframework/spring\-web@.*$</packageUrl>
	   <cve>CVE-2016-1000027</cve>
	</suppress>
	<suppress>
	   <notes><![CDATA[
	   file name: spring-web-5.2.3.RELEASE.jar
	   ]]></notes>
	   <packageUrl regex="true">^pkg:maven/org\.springframework/spring\-web@.*$</packageUrl>
	   <cve>CVE-2022-22965</cve>
	</suppress>
	<suppress>
	   <notes><![CDATA[
	   file name: spring-web-5.2.3.RELEASE.jar
	   ]]></notes>
	   <packageUrl regex="true">^pkg:maven/org\.springframework/spring\-web@.*$</packageUrl>
	   <vulnerabilityName>CVE-2024-22243</vulnerabilityName>
	</suppress>
	<suppress>
	   <notes><![CDATA[
	   file name: spring-web-5.2.3.RELEASE.jar
	   ]]></notes>
	   <packageUrl regex="true">^pkg:maven/org\.springframework/spring\-web@.*$</packageUrl>
	   <vulnerabilityName>CVE-2024-22262</vulnerabilityName>
	</suppress>
	<suppress>
	   <notes><![CDATA[
	   file name: spring-web-5.2.3.RELEASE.jar
	   ]]></notes>
	   <packageUrl regex="true">^pkg:maven/org\.springframework/spring\-web@.*$</packageUrl>
	   <cve>CVE-2021-22118</cve>
	</suppress>
	<suppress>
	   <notes><![CDATA[
	   file name: spring-web-5.2.3.RELEASE.jar
	   ]]></notes>
	   <packageUrl regex="true">^pkg:maven/org\.springframework/spring\-web@.*$</packageUrl>
	   <cve>CVE-2020-5421</cve>
	</suppress>
	<suppress>
	   <notes><![CDATA[
	   file name: spring-web-5.2.3.RELEASE.jar
	   ]]></notes>
	   <packageUrl regex="true">^pkg:maven/org\.springframework/spring\-web@.*$</packageUrl>
	   <cve>CVE-2022-22950</cve>
	</suppress>
	<suppress>
	   <notes><![CDATA[
	   file name: spring-web-5.2.3.RELEASE.jar
	   ]]></notes>
	   <packageUrl regex="true">^pkg:maven/org\.springframework/spring\-web@.*$</packageUrl>
	   <cve>CVE-2022-22971</cve>
	</suppress>
	<suppress>
	   <notes><![CDATA[
	   file name: spring-web-5.2.3.RELEASE.jar
	   ]]></notes>
	   <packageUrl regex="true">^pkg:maven/org\.springframework/spring\-web@.*$</packageUrl>
	   <cve>CVE-2023-20861</cve>
	</suppress>
	<suppress>
	   <notes><![CDATA[
	   file name: spring-web-5.2.3.RELEASE.jar
	   ]]></notes>
	   <packageUrl regex="true">^pkg:maven/org\.springframework/spring\-web@.*$</packageUrl>
	   <cve>CVE-2023-20863</cve>
	</suppress>
	<suppress>
	   <notes><![CDATA[
	   file name: spring-web-5.2.3.RELEASE.jar
	   ]]></notes>
	   <packageUrl regex="true">^pkg:maven/org\.springframework/spring\-web@.*$</packageUrl>
	   <cve>CVE-2022-22968</cve>
	</suppress>
	<suppress>
	   <notes><![CDATA[
	   file name: spring-web-5.2.3.RELEASE.jar
	   ]]></notes>
	   <packageUrl regex="true">^pkg:maven/org\.springframework/spring\-web@.*$</packageUrl>
	   <cve>CVE-2022-22970</cve>
	</suppress>
	<suppress>
	   <notes><![CDATA[
	   file name: spring-web-5.2.3.RELEASE.jar
	   ]]></notes>
	   <packageUrl regex="true">^pkg:maven/org\.springframework/spring\-web@.*$</packageUrl>
	   <cve>CVE-2021-22060</cve>
	</suppress>
	<suppress>
	   <notes><![CDATA[
	   file name: spring-web-5.2.3.RELEASE.jar
	   ]]></notes>
	   <packageUrl regex="true">^pkg:maven/org\.springframework/spring\-web@.*$</packageUrl>
	   <cve>CVE-2021-22096</cve>
	</suppress>
	<suppress>
	   <notes><![CDATA[
	   file name: spring-webmvc-5.2.3.RELEASE.jar
	   ]]></notes>
	   <packageUrl regex="true">^pkg:maven/org\.springframework/spring\-webmvc@.*$</packageUrl>
	   <cve>CVE-2022-22965</cve>
	</suppress>
	<suppress>
	   <notes><![CDATA[
	   file name: spring-webmvc-5.2.3.RELEASE.jar
	   ]]></notes>
	   <packageUrl regex="true">^pkg:maven/org\.springframework/spring\-webmvc@.*$</packageUrl>
	   <cve>CVE-2021-22118</cve>
	</suppress>
	<suppress>
	   <notes><![CDATA[
	   file name: spring-webmvc-5.2.3.RELEASE.jar
	   ]]></notes>
	   <packageUrl regex="true">^pkg:maven/org\.springframework/spring\-webmvc@.*$</packageUrl>
	   <cve>CVE-2021-22118</cve>
	</suppress>
	<suppress>
	   <notes><![CDATA[
	   file name: spring-webmvc-5.2.3.RELEASE.jar
	   ]]></notes>
	   <packageUrl regex="true">^pkg:maven/org\.springframework/spring\-webmvc@.*$</packageUrl>
	   <cve>CVE-2020-5421</cve>
	</suppress>
	<suppress>
	   <notes><![CDATA[
	   file name: spring-webmvc-5.2.3.RELEASE.jar
	   ]]></notes>
	   <packageUrl regex="true">^pkg:maven/org\.springframework/spring\-webmvc@.*$</packageUrl>
	   <cve>CVE-2022-22950</cve>
	</suppress>
	<suppress>
	   <notes><![CDATA[
	   file name: spring-webmvc-5.2.3.RELEASE.jar
	   ]]></notes>
	   <packageUrl regex="true">^pkg:maven/org\.springframework/spring\-webmvc@.*$</packageUrl>
	   <cve>CVE-2022-22971</cve>
	</suppress>
	<suppress>
	   <notes><![CDATA[
	   file name: spring-webmvc-5.2.3.RELEASE.jar
	   ]]></notes>
	   <packageUrl regex="true">^pkg:maven/org\.springframework/spring\-webmvc@.*$</packageUrl>
	   <cve>CVE-2023-20861</cve>
	</suppress>
	<suppress>
	   <notes><![CDATA[
	   file name: spring-webmvc-5.2.3.RELEASE.jar
	   ]]></notes>
	   <packageUrl regex="true">^pkg:maven/org\.springframework/spring\-webmvc@.*$</packageUrl>
	   <cve>CVE-2023-20863</cve>
	</suppress>
	<suppress>
	   <notes><![CDATA[
	   file name: spring-webmvc-5.2.3.RELEASE.jar
	   ]]></notes>
	   <packageUrl regex="true">^pkg:maven/org\.springframework/spring\-webmvc@.*$</packageUrl>
	   <cve>CVE-2022-22968</cve>
	</suppress>
	<suppress>
	   <notes><![CDATA[
	   file name: spring-webmvc-5.2.3.RELEASE.jar
	   ]]></notes>
	   <packageUrl regex="true">^pkg:maven/org\.springframework/spring\-webmvc@.*$</packageUrl>
	   <cve>CVE-2022-22970</cve>
	</suppress>
	<suppress>
	   <notes><![CDATA[
	   file name: spring-webmvc-5.2.3.RELEASE.jar
	   ]]></notes>
	   <packageUrl regex="true">^pkg:maven/org\.springframework/spring\-webmvc@.*$</packageUrl>
	   <cve>CVE-2021-22060</cve>
	</suppress>
	<suppress>
	   <notes><![CDATA[
	   file name: spring-webmvc-5.2.3.RELEASE.jar
	   ]]></notes>
	   <packageUrl regex="true">^pkg:maven/org\.springframework/spring\-webmvc@.*$</packageUrl>
	   <cve>CVE-2021-22096</cve>
	</suppress>
	<suppress>
	   <notes><![CDATA[
	   file name: tomcat-embed-core-9.0.30.jar
	   ]]></notes>
	   <packageUrl regex="true">^pkg:maven/org\.apache\.tomcat\.embed/tomcat\-embed\-core@.*$</packageUrl>
	   <cve>CVE-2020-1938</cve>
	</suppress>
	<suppress>
	   <notes><![CDATA[
	   file name: tomcat-embed-core-9.0.30.jar
	   ]]></notes>
	   <packageUrl regex="true">^pkg:maven/org\.apache\.tomcat\.embed/tomcat\-embed\-core@.*$</packageUrl>
	   <cve>CVE-2020-11996</cve>
	</suppress>
	<suppress>
	   <notes><![CDATA[
	   file name: tomcat-embed-core-9.0.30.jar
	   ]]></notes>
	   <packageUrl regex="true">^pkg:maven/org\.apache\.tomcat\.embed/tomcat\-embed\-core@.*$</packageUrl>
	   <cve>CVE-2020-13934</cve>
	</suppress>
	<suppress>
	   <notes><![CDATA[
	   file name: tomcat-embed-core-9.0.30.jar
	   ]]></notes>
	   <packageUrl regex="true">^pkg:maven/org\.apache\.tomcat\.embed/tomcat\-embed\-core@.*$</packageUrl>
	   <cve>CVE-2020-13935</cve>
	</suppress>
	<suppress>
	   <notes><![CDATA[
	   file name: tomcat-embed-core-9.0.30.jar
	   ]]></notes>
	   <packageUrl regex="true">^pkg:maven/org\.apache\.tomcat\.embed/tomcat\-embed\-core@.*$</packageUrl>
	   <cve>CVE-2020-17527</cve>
	</suppress>
	<suppress>
	   <notes><![CDATA[
	   file name: tomcat-embed-core-9.0.30.jar
	   ]]></notes>
	   <packageUrl regex="true">^pkg:maven/org\.apache\.tomcat\.embed/tomcat\-embed\-core@.*$</packageUrl>
	   <cve>CVE-2021-25122</cve>
	</suppress>
	<suppress>
	   <notes><![CDATA[
	   file name: tomcat-embed-core-9.0.30.jar
	   ]]></notes>
	   <packageUrl regex="true">^pkg:maven/org\.apache\.tomcat\.embed/tomcat\-embed\-core@.*$</packageUrl>
	   <cve>CVE-2021-41079</cve>
	</suppress>
	<suppress>
	   <notes><![CDATA[
	   file name: tomcat-embed-core-9.0.30.jar
	   ]]></notes>
	   <packageUrl regex="true">^pkg:maven/org\.apache\.tomcat\.embed/tomcat\-embed\-core@.*$</packageUrl>
	   <cve>CVE-2022-29885</cve>
	</suppress>
	<suppress>
	   <notes><![CDATA[
	   file name: tomcat-embed-core-9.0.30.jar
	   ]]></notes>
	   <packageUrl regex="true">^pkg:maven/org\.apache\.tomcat\.embed/tomcat\-embed\-core@.*$</packageUrl>
	   <cve>CVE-2022-42252</cve>
	</suppress>
	<suppress>
	   <notes><![CDATA[
	   file name: tomcat-embed-core-9.0.30.jar
	   ]]></notes>
	   <packageUrl regex="true">^pkg:maven/org\.apache\.tomcat\.embed/tomcat\-embed\-core@.*$</packageUrl>
	   <cve>CVE-2023-44487</cve>
	</suppress>
	<suppress>
	   <notes><![CDATA[
	   file name: tomcat-embed-core-9.0.30.jar
	   ]]></notes>
	   <packageUrl regex="true">^pkg:maven/org\.apache\.tomcat\.embed/tomcat\-embed\-core@.*$</packageUrl>
	   <cve>CVE-2023-46589</cve>
	</suppress>
	<suppress>
	   <notes><![CDATA[
	   file name: tomcat-embed-core-9.0.30.jar
	   ]]></notes>
	   <packageUrl regex="true">^pkg:maven/org\.apache\.tomcat\.embed/tomcat\-embed\-core@.*$</packageUrl>
	   <cve>CVE-2020-9484</cve>
	</suppress>
	<suppress>
	   <notes><![CDATA[
	   file name: tomcat-embed-core-9.0.30.jar
	   ]]></notes>
	   <packageUrl regex="true">^pkg:maven/org\.apache\.tomcat\.embed/tomcat\-embed\-core@.*$</packageUrl>
	   <cve>CVE-2021-25329</cve>
	</suppress>
	<suppress>
	   <notes><![CDATA[
	   file name: tomcat-embed-core-9.0.30.jar
	   ]]></notes>
	   <packageUrl regex="true">^pkg:maven/org\.apache\.tomcat\.embed/tomcat\-embed\-core@.*$</packageUrl>
	   <cve>CVE-2021-30640</cve>
	</suppress>
	<suppress>
	   <notes><![CDATA[
	   file name: tomcat-embed-core-9.0.30.jar
	   ]]></notes>
	   <packageUrl regex="true">^pkg:maven/org\.apache\.tomcat\.embed/tomcat\-embed\-core@.*$</packageUrl>
	   <cve>CVE-2022-34305</cve>
	</suppress>
	<suppress>
	   <notes><![CDATA[
	   file name: tomcat-embed-core-9.0.30.jar
	   ]]></notes>
	   <packageUrl regex="true">^pkg:maven/org\.apache\.tomcat\.embed/tomcat\-embed\-core@.*$</packageUrl>
	   <cve>CVE-2023-41080</cve>
	</suppress>
	<suppress>
	   <notes><![CDATA[
	   file name: tomcat-embed-core-9.0.30.jar
	   ]]></notes>
	   <packageUrl regex="true">^pkg:maven/org\.apache\.tomcat\.embed/tomcat\-embed\-core@.*$</packageUrl>
	   <cve>CVE-2021-24122</cve>
	</suppress>
	<suppress>
	   <notes><![CDATA[
	   file name: tomcat-embed-core-9.0.30.jar
	   ]]></notes>
	   <packageUrl regex="true">^pkg:maven/org\.apache\.tomcat\.embed/tomcat\-embed\-core@.*$</packageUrl>
	   <cve>CVE-2021-33037</cve>
	</suppress>
	<suppress>
	   <notes><![CDATA[
	   file name: tomcat-embed-core-9.0.30.jar
	   ]]></notes>
	   <packageUrl regex="true">^pkg:maven/org\.apache\.tomcat\.embed/tomcat\-embed\-core@.*$</packageUrl>
	   <cve>CVE-2023-42795</cve>
	</suppress>
	<suppress>
	   <notes><![CDATA[
	   file name: tomcat-embed-core-9.0.30.jar
	   ]]></notes>
	   <packageUrl regex="true">^pkg:maven/org\.apache\.tomcat\.embed/tomcat\-embed\-core@.*$</packageUrl>
	   <cve>CVE-2023-45648</cve>
	</suppress>
	<suppress>
	   <notes><![CDATA[
	   file name: tomcat-embed-core-9.0.30.jar
	   ]]></notes>
	   <packageUrl regex="true">^pkg:maven/org\.apache\.tomcat\.embed/tomcat\-embed\-core@.*$</packageUrl>
	   <cve>CVE-2024-21733</cve>
	</suppress>
	<suppress>
	   <notes><![CDATA[
	   file name: tomcat-embed-core-9.0.30.jar
	   ]]></notes>
	   <packageUrl regex="true">^pkg:maven/org\.apache\.tomcat\.embed/tomcat\-embed\-core@.*$</packageUrl>
	   <cve>CVE-2019-17569</cve>
	</suppress>
	<suppress>
	   <notes><![CDATA[
	   file name: tomcat-embed-core-9.0.30.jar
	   ]]></notes>
	   <packageUrl regex="true">^pkg:maven/org\.apache\.tomcat\.embed/tomcat\-embed\-core@.*$</packageUrl>
	   <cve>CVE-2020-1935</cve>
	</suppress>
	<suppress>
	   <notes><![CDATA[
	   file name: tomcat-embed-core-9.0.30.jar
	   ]]></notes>
	   <packageUrl regex="true">^pkg:maven/org\.apache\.tomcat\.embed/tomcat\-embed\-core@.*$</packageUrl>
	   <cve>CVE-2020-13943</cve>
	</suppress>
	<suppress>
	   <notes><![CDATA[
	   file name: tomcat-embed-core-9.0.30.jar
	   ]]></notes>
	   <packageUrl regex="true">^pkg:maven/org\.apache\.tomcat\.embed/tomcat\-embed\-core@.*$</packageUrl>
	   <cve>CVE-2023-28708</cve>
	</suppress>
	<suppress>
	   <notes><![CDATA[
	   file name: tomcat-embed-core-9.0.30.jar
	   ]]></notes>
	   <packageUrl regex="true">^pkg:maven/org\.apache\.tomcat\.embed/tomcat\-embed\-core@.*$</packageUrl>
	   <cve>CVE-2021-43980</cve>
	</suppress>
	<suppress>
	   <notes><![CDATA[
	   file name: tomcat-embed-websocket-9.0.30.jar
	   ]]></notes>
	   <packageUrl regex="true">^pkg:maven/org\.apache\.tomcat\.embed/tomcat\-embed\-websocket@.*$</packageUrl>
	   <cve>CVE-2020-1938</cve>
	</suppress>
	<suppress>
	   <notes><![CDATA[
	   file name: tomcat-embed-websocket-9.0.30.jar
	   ]]></notes>
	   <packageUrl regex="true">^pkg:maven/org\.apache\.tomcat\.embed/tomcat\-embed\-websocket@.*$</packageUrl>
	   <cve>CVE-2020-8022</cve>
	</suppress>
	<suppress>
	   <notes><![CDATA[
	   file name: tomcat-embed-websocket-9.0.30.jar
	   ]]></notes>
	   <packageUrl regex="true">^pkg:maven/org\.apache\.tomcat\.embed/tomcat\-embed\-websocket@.*$</packageUrl>
	   <cve>CVE-2020-11996</cve>
	</suppress>
	<suppress>
	   <notes><![CDATA[
	   file name: tomcat-embed-websocket-9.0.30.jar
	   ]]></notes>
	   <packageUrl regex="true">^pkg:maven/org\.apache\.tomcat\.embed/tomcat\-embed\-websocket@.*$</packageUrl>
	   <cve>CVE-2020-13934</cve>
	</suppress>
	<suppress>
	   <notes><![CDATA[
	   file name: tomcat-embed-websocket-9.0.30.jar
	   ]]></notes>
	   <packageUrl regex="true">^pkg:maven/org\.apache\.tomcat\.embed/tomcat\-embed\-websocket@.*$</packageUrl>
	   <cve>CVE-2020-13935</cve>
	</suppress>
	<suppress>
	   <notes><![CDATA[
	   file name: tomcat-embed-websocket-9.0.30.jar
	   ]]></notes>
	   <packageUrl regex="true">^pkg:maven/org\.apache\.tomcat\.embed/tomcat\-embed\-websocket@.*$</packageUrl>
	   <cve>CVE-2020-17527</cve>
	</suppress>
	<suppress>
	   <notes><![CDATA[
	   file name: tomcat-embed-websocket-9.0.30.jar
	   ]]></notes>
	   <packageUrl regex="true">^pkg:maven/org\.apache\.tomcat\.embed/tomcat\-embed\-websocket@.*$</packageUrl>
	   <cve>CVE-2021-25122</cve>
	</suppress>
	<suppress>
	   <notes><![CDATA[
	   file name: tomcat-embed-websocket-9.0.30.jar
	   ]]></notes>
	   <packageUrl regex="true">^pkg:maven/org\.apache\.tomcat\.embed/tomcat\-embed\-websocket@.*$</packageUrl>
	   <cve>CVE-2021-41079</cve>
	</suppress>
	<suppress>
	   <notes><![CDATA[
	   file name: tomcat-embed-websocket-9.0.30.jar
	   ]]></notes>
	   <packageUrl regex="true">^pkg:maven/org\.apache\.tomcat\.embed/tomcat\-embed\-websocket@.*$</packageUrl>
	   <cve>CVE-2022-29885</cve>
	</suppress>
	<suppress>
	   <notes><![CDATA[
	   file name: tomcat-embed-websocket-9.0.30.jar
	   ]]></notes>
	   <packageUrl regex="true">^pkg:maven/org\.apache\.tomcat\.embed/tomcat\-embed\-websocket@.*$</packageUrl>
	   <cve>CVE-2022-42252</cve>
	</suppress>
	<suppress>
	   <notes><![CDATA[
	   file name: tomcat-embed-websocket-9.0.30.jar
	   ]]></notes>
	   <packageUrl regex="true">^pkg:maven/org\.apache\.tomcat\.embed/tomcat\-embed\-websocket@.*$</packageUrl>
	   <cve>CVE-2023-44487</cve>
	</suppress>
	<suppress>
	   <notes><![CDATA[
	   file name: tomcat-embed-websocket-9.0.30.jar
	   ]]></notes>
	   <packageUrl regex="true">^pkg:maven/org\.apache\.tomcat\.embed/tomcat\-embed\-websocket@.*$</packageUrl>
	   <cve>CVE-2023-46589</cve>
	</suppress>
	<suppress>
	   <notes><![CDATA[
	   file name: tomcat-embed-websocket-9.0.30.jar
	   ]]></notes>
	   <packageUrl regex="true">^pkg:maven/org\.apache\.tomcat\.embed/tomcat\-embed\-websocket@.*$</packageUrl>
	   <cve>CVE-2020-9484</cve>
	</suppress>
	<suppress>
	   <notes><![CDATA[
	   file name: tomcat-embed-websocket-9.0.30.jar
	   ]]></notes>
	   <packageUrl regex="true">^pkg:maven/org\.apache\.tomcat\.embed/tomcat\-embed\-websocket@.*$</packageUrl>
	   <cve>CVE-2021-25329</cve>
	</suppress>
	<suppress>
	   <notes><![CDATA[
	   file name: tomcat-embed-websocket-9.0.30.jar
	   ]]></notes>
	   <packageUrl regex="true">^pkg:maven/org\.apache\.tomcat\.embed/tomcat\-embed\-websocket@.*$</packageUrl>
	   <cve>CVE-2021-25329</cve>
	</suppress>
	<suppress>
	   <notes><![CDATA[
	   file name: tomcat-embed-websocket-9.0.30.jar
	   ]]></notes>
	   <packageUrl regex="true">^pkg:maven/org\.apache\.tomcat\.embed/tomcat\-embed\-websocket@.*$</packageUrl>
	   <cve>CVE-2021-30640</cve>
	</suppress>
	<suppress>
	   <notes><![CDATA[
	   file name: tomcat-embed-websocket-9.0.30.jar
	   ]]></notes>
	   <packageUrl regex="true">^pkg:maven/org\.apache\.tomcat\.embed/tomcat\-embed\-websocket@.*$</packageUrl>
	   <cve>CVE-2022-34305</cve>
	</suppress>
	<suppress>
	   <notes><![CDATA[
	   file name: tomcat-embed-websocket-9.0.30.jar
	   ]]></notes>
	   <packageUrl regex="true">^pkg:maven/org\.apache\.tomcat\.embed/tomcat\-embed\-websocket@.*$</packageUrl>
	   <cve>CVE-2023-41080</cve>
	</suppress>
	<suppress>
	   <notes><![CDATA[
	   file name: tomcat-embed-websocket-9.0.30.jar
	   ]]></notes>
	   <packageUrl regex="true">^pkg:maven/org\.apache\.tomcat\.embed/tomcat\-embed\-websocket@.*$</packageUrl>
	   <cve>CVE-2021-24122</cve>
	</suppress>
	<suppress>
	   <notes><![CDATA[
	   file name: tomcat-embed-websocket-9.0.30.jar
	   ]]></notes>
	   <packageUrl regex="true">^pkg:maven/org\.apache\.tomcat\.embed/tomcat\-embed\-websocket@.*$</packageUrl>
	   <cve>CVE-2021-33037</cve>
	</suppress>
	<suppress>
	   <notes><![CDATA[
	   file name: tomcat-embed-websocket-9.0.30.jar
	   ]]></notes>
	   <packageUrl regex="true">^pkg:maven/org\.apache\.tomcat\.embed/tomcat\-embed\-websocket@.*$</packageUrl>
	   <cve>CVE-2023-42795</cve>
	</suppress>
	<suppress>
	   <notes><![CDATA[
	   file name: tomcat-embed-websocket-9.0.30.jar
	   ]]></notes>
	   <packageUrl regex="true">^pkg:maven/org\.apache\.tomcat\.embed/tomcat\-embed\-websocket@.*$</packageUrl>
	   <cve>CVE-2023-45648</cve>
	</suppress>
	<suppress>
	   <notes><![CDATA[
	   file name: tomcat-embed-websocket-9.0.30.jar
	   ]]></notes>
	   <packageUrl regex="true">^pkg:maven/org\.apache\.tomcat\.embed/tomcat\-embed\-websocket@.*$</packageUrl>
	   <cve>CVE-2024-21733</cve>
	</suppress>
	<suppress>
	   <notes><![CDATA[
	   file name: tomcat-embed-websocket-9.0.30.jar
	   ]]></notes>
	   <packageUrl regex="true">^pkg:maven/org\.apache\.tomcat\.embed/tomcat\-embed\-websocket@.*$</packageUrl>
	   <cve>CVE-2019-17569</cve>
	</suppress>
	<suppress>
	   <notes><![CDATA[
	   file name: tomcat-embed-websocket-9.0.30.jar
	   ]]></notes>
	   <packageUrl regex="true">^pkg:maven/org\.apache\.tomcat\.embed/tomcat\-embed\-websocket@.*$</packageUrl>
	   <cve>CVE-2020-1935</cve>
	</suppress>
	<suppress>
	   <notes><![CDATA[
	   file name: tomcat-embed-websocket-9.0.30.jar
	   ]]></notes>
	   <packageUrl regex="true">^pkg:maven/org\.apache\.tomcat\.embed/tomcat\-embed\-websocket@.*$</packageUrl>
	   <cve>CVE-2020-13943</cve>
	</suppress>
	<suppress>
	   <notes><![CDATA[
	   file name: tomcat-embed-websocket-9.0.30.jar
	   ]]></notes>
	   <packageUrl regex="true">^pkg:maven/org\.apache\.tomcat\.embed/tomcat\-embed\-websocket@.*$</packageUrl>
	   <cve>CVE-2023-28708</cve>
	</suppress>
	<suppress>
	   <notes><![CDATA[
	   file name: tomcat-embed-websocket-9.0.30.jar
	   ]]></notes>
	   <packageUrl regex="true">^pkg:maven/org\.apache\.tomcat\.embed/tomcat\-embed\-websocket@.*$</packageUrl>
	   <cve>CVE-2021-43980</cve>
	</suppress>
</suppressions>